Player;Teams;Maps;Rounds;K-D Diff;K/D;Rating1.0
ZywOo;;1263;33050;+7706;1.38;1.27
s1mple;;1727;45750;+9669;1.33;1.24
sh1ro;;1120;29619;+7008;1.44;1.22
donk;;399;10154;+1648;1.24;1.21
deko;;821;21416;+4459;1.36;1.20
m0NESY;;514;13148;+2447;1.31;1.19
d4v41;;308;8005;+1358;1.27;1.18
smooya;;1034;27098;+4537;1.27;1.18
w0nderful;;472;12234;+2374;1.34;1.18
ANa;;206;4943;+877;1.30;1.18
degster;;833;22369;+3953;1.29;1.18
kaze;;1094;28150;+4881;1.30;1.17
Laz;;269;6862;+1148;1.27;1.17
XANTARES;;2086;54870;+7425;1.20;1.17
sterling;;967;24789;+4347;1.29;1.16
nettik;;441;10961;+1627;1.23;1.16
SENSEi;;623;16671;+3187;1.35;1.16
DANK1NG;;457;12106;+1897;1.25;1.16
device;;2009;52209;+8121;1.25;1.16
cosmeeeN;;319;8310;+1109;1.20;1.16
try;;503;13350;+2143;1.27;1.16
blameF;;1151;30646;+4854;1.26;1.15
NiKo;;1876;49513;+6272;1.19;1.15
regali;;435;11824;+1741;1.24;1.14
ArtFr0st;;396;10096;+1804;1.33;1.14
saffee;;668;17200;+2513;1.24;1.14
Benkai;;603;15560;+2046;1.20;1.14
KSCERATO;;1139;29393;+4539;1.27;1.14
ju1ces;;222;5737;+734;1.20;1.14
dizzyLife;;345;8772;+1208;1.22;1.14
BnTeT;;1114;29019;+3806;1.21;1.14
JamYoung;;579;14762;+1919;1.21;1.14
torzsi;;719;18684;+2624;1.23;1.13
GooseBreeder;;273;6500;+878;1.21;1.13
Texta;;631;15863;+1742;1.16;1.13
Jame;;1443;37791;+6369;1.31;1.13
Woro2k;;815;21329;+2867;1.21;1.13
ROGA;;241;6551;+958;1.24;1.13
coldzera;;1681;43739;+5852;1.22;1.13
frozen;;1474;38107;+4551;1.19;1.13
history;;216;5600;+841;1.26;1.13
podi;;315;8259;+1257;1.26;1.13
Jimpphat;;491;12770;+1650;1.21;1.13
oskar;;1881;49194;+6109;1.20;1.12
mhL;;823;21963;+2805;1.20;1.12
fredi;;235;6075;+647;1.16;1.12
Ganginho;;237;6061;+778;1.20;1.12
XigN;;844;21823;+2448;1.17;1.12
INS;;1165;29169;+3253;1.17;1.12
mattcd;;236;6044;+766;1.21;1.12
jOELZ;;247;6433;+720;1.17;1.12
liTTle;;458;12159;+1550;1.20;1.12
dgt;;701;18214;+2435;1.22;1.12
kennyS;;1991;52684;+6521;1.20;1.12
ropz;;1432;37517;+4774;1.21;1.12
h4rn;;897;23919;+3303;1.23;1.12
zevy;;588;15159;+1901;1.20;1.12
mantuu;;843;22272;+2752;1.20;1.12
El1an;;1450;38643;+4980;1.21;1.12
zAAz;;289;6849;+674;1.15;1.12
Jamppi;;503;13449;+1408;1.16;1.12
wrath;;525;13568;+1239;1.13;1.12
Freeman;;837;21474;+2332;1.17;1.11
CigaretteS;;207;5417;+550;1.15;1.11
SunPayus;;574;15084;+1998;1.23;1.11
nawwk;;1337;35289;+4784;1.23;1.11
Sico;;1048;26546;+3585;1.23;1.11
woxic;;1399;36537;+4474;1.20;1.11
PTC;;476;12393;+1408;1.18;1.11
r1nkle;;481;12310;+1412;1.18;1.11
sk0R;;486;12966;+1278;1.15;1.11
XELLOW;;1448;38003;+3954;1.16;1.11
ZELIN;;322;8462;+856;1.15;1.11
splashske;;722;18651;+1811;1.15;1.11
huNter-;;1718;45023;+4486;1.15;1.11
hype;;399;10892;+1257;1.19;1.11
znxxX;;337;9100;+1156;1.21;1.11
junior;;751;19174;+2606;1.23;1.11
GuardiaN;;1602;41970;+4779;1.18;1.11
havoK;;237;6247;+581;1.14;1.11
Luken;;335;8752;+951;1.17;1.11
yuurih;;1232;31890;+3448;1.17;1.11
FREDDyFROG;;1208;32176;+3606;1.18;1.11
dream3r;;1429;37499;+4501;1.20;1.11
forsyy;;653;16841;+2055;1.21;1.11
HEN1;;1509;38569;+5237;1.24;1.11
Twistzz;;1683;43821;+4634;1.17;1.11
TenZ;;401;10399;+839;1.12;1.10
xeta;;351;8823;+918;1.16;1.10
ICY;;210;5386;+703;1.22;1.10
zorte;;1175;30799;+3800;1.21;1.10
xsepower;;1395;37386;+4871;1.22;1.10
Olivia;;634;16189;+1565;1.15;1.10
f0rest;;2112;54926;+5648;1.16;1.10
kNgV-;;1032;26982;+2682;1.15;1.10
MATYS;;585;15320;+1017;1.09;1.10
mertz;;990;26255;+2655;1.16;1.10
WARDELL;;609;15901;+1648;1.17;1.10
erkaSt;;964;25074;+2329;1.14;1.10
cass1n;;211;5583;+757;1.24;1.10
sl3nd;;400;10136;+1286;1.22;1.10
swag;;556;14447;+1629;1.18;1.10
Vexite;;558;13844;+1109;1.12;1.10
poizon;;1141;30143;+2855;1.15;1.10
chelleos;;717;18121;+1569;1.13;1.10
decenty;;446;11091;+1208;1.18;1.10
witz;;336;8746;+931;1.17;1.10
allu;;1928;50554;+5236;1.16;1.10
PALM1;;283;7560;+571;1.11;1.10
headtr1ck;;314;8197;+955;1.19;1.10
SNk;;227;5995;+515;1.13;1.10
PwnAlone;;1170;30099;+3016;1.16;1.10
moose;;752;19559;+1975;1.16;1.10
dav1deuS;;662;16839;+1315;1.12;1.10
oSee;;1357;35150;+3864;1.18;1.10
xccurate;;698;18113;+1724;1.15;1.09
NertZ;;537;13895;+1055;1.11;1.09
mixwell;;840;21804;+1911;1.13;1.09
ekul;;460;11891;+967;1.12;1.09
CeRq;;1298;33588;+3486;1.17;1.09
Brehze;;1329;34382;+2833;1.12;1.09
nqz;;481;12205;+1494;1.21;1.09
z4kr;;507;13088;+1200;1.14;1.09
hades;;1017;27053;+2989;1.18;1.09
syrsoN;;1905;50446;+5095;1.16;1.09
KQLY;;250;6394;+524;1.12;1.09
Nami;;211;5510;+458;1.13;1.09
BOROS;;628;16743;+853;1.07;1.09
MartinezSa;;319;8035;+846;1.17;1.09
JUGi;;940;24427;+2676;1.18;1.09
Ax1Le;;1220;32044;+3020;1.15;1.09
Kvem;;379;9837;+692;1.10;1.09
ottoNd;;1085;28504;+2925;1.16;1.09
GeT_RiGhT;;1761;45379;+4236;1.14;1.09
Spinx;;680;17845;+1638;1.14;1.09
Sonic;;1091;27653;+2465;1.14;1.09
ryx;;491;12856;+1181;1.14;1.09
keeyto;;202;5211;+442;1.13;1.09
mini;;327;8527;+603;1.10;1.09
zehN;;1181;31389;+2620;1.13;1.09
card;;262;6923;+723;1.17;1.09
dumau;;734;19115;+1871;1.15;1.09
ScreaM;;1428;37066;+3099;1.13;1.09
vsm;;866;22385;+1827;1.12;1.09
aliStair;;1266;31773;+3144;1.16;1.09
XotiC;;375;9900;+840;1.13;1.09
NAF;;1824;47729;+4720;1.16;1.09
mir;;1224;31844;+2819;1.13;1.09
BL1TZ;;740;19035;+1601;1.13;1.09
nex;;1074;28389;+2435;1.13;1.09
keiz;;272;7446;+902;1.21;1.08
Infinite;;1096;28313;+2174;1.12;1.08
DGL;;206;5060;+521;1.17;1.08
Cooper;;961;24726;+2202;1.14;1.08
Troubley;;266;6808;+484;1.10;1.08
Sayf;;346;9334;+684;1.11;1.08
nukkye;;592;15492;+1330;1.13;1.08
supLexN1;;467;12182;+1294;1.18;1.08
Xeppaa;;367;9519;+703;1.11;1.08
jeyN;;213;5850;+422;1.11;1.08
hazr;;1012;25411;+1680;1.10;1.08
nicoodoz;;1117;29242;+2905;1.16;1.08
dare;;418;10540;+721;1.10;1.08
insani;;409;10443;+815;1.12;1.08
lollipop21k;;1439;38402;+2767;1.11;1.08
fer;;1467;38455;+2828;1.11;1.08
JOTA;;650;16908;+1573;1.15;1.08
electroNic;;1559;40821;+3153;1.12;1.08
slaxz-;;1352;36167;+3548;1.16;1.08
Savage;;836;21434;+1926;1.14;1.08
DJOXiC;;489;12531;+1204;1.15;1.08
anarkez;;1012;26890;+2334;1.14;1.08
EliGE;;1879;49048;+3418;1.10;1.08
di^;;207;5149;+464;1.14;1.08
Machinegun;;431;10994;+676;1.09;1.08
Farlig;;881;23711;+2149;1.14;1.08
keev;;594;15524;+1217;1.12;1.08
sergej;;776;20425;+1816;1.14;1.08
Detrony;;413;10468;+848;1.12;1.08
ritchiEE;;550;14590;+1100;1.11;1.08
draken;;1439;38167;+3643;1.15;1.08
joel;;383;10213;+734;1.11;1.08
Attacker;;1323;34058;+2719;1.12;1.08
felps;;1335;33663;+2099;1.09;1.08
Lucaozy;;732;19070;+1693;1.14;1.08
ADDICT;;529;13153;+1140;1.14;1.08
ShahZaM;;966;25252;+2058;1.13;1.08
gokushima;;254;6099;+596;1.16;1.08
asap;;415;10296;+841;1.12;1.08
Starry;;357;9155;+658;1.11;1.08
broky;;1003;26304;+2581;1.16;1.08
Papichulo;;330;8596;+641;1.11;1.08
Ryxxo;;906;23810;+2059;1.14;1.08
nilo;;647;16383;+1159;1.11;1.08
valde;;1426;37424;+2984;1.12;1.08
venomzera;;413;10006;+582;1.09;1.08
jayzaR;;597;15785;+1058;1.10;1.08
faveN;;1579;41973;+3333;1.12;1.08
Calyx;;1357;35413;+3093;1.14;1.08
kye;;237;6262;+486;1.12;1.08
SaMey;;571;14625;+1400;1.16;1.07
Rickeh;;968;25293;+2388;1.15;1.07
Krimbo;;756;19886;+1862;1.15;1.07
dennyslaw;;1625;43462;+3691;1.13;1.07
FL1T;;1503;39936;+3299;1.13;1.07
biguzera;;1011;26228;+2092;1.12;1.07
Hatz;;1057;26801;+2151;1.13;1.07
ptr;;1136;29729;+2699;1.15;1.07
t9rnay;;372;9768;+731;1.11;1.07
HeavyGod;;443;11554;+939;1.13;1.07
dapr;;594;15426;+1002;1.10;1.07
Magisk;;1630;42855;+3483;1.13;1.07
dupreeh;;2186;56720;+4440;1.12;1.07
malbsMd;;838;21182;+1013;1.07;1.07
exit;;1152;29476;+3007;1.17;1.07
k0nfig;;1773;46894;+2440;1.08;1.07
bLitz;;505;13142;+858;1.10;1.07
cynic;;1055;27235;+2126;1.12;1.07
gas;;590;15347;+759;1.07;1.07
fejtZ;;1012;26483;+1956;1.11;1.07
Liazz;;1185;30098;+2504;1.14;1.07
CLASIA;;491;12722;+894;1.11;1.07
Summer;;1379;35375;+2779;1.12;1.07
saadzin;;235;5689;+518;1.15;1.07
shox;;2097;55018;+3889;1.11;1.07
togs;;406;10000;+792;1.12;1.07
Blogg1s;;452;12368;+998;1.13;1.07
MICHU;;1885;49295;+3073;1.09;1.07
NaToSaphiX;;1068;28417;+2625;1.15;1.07
xand;;515;13210;+875;1.10;1.07
Maka;;1604;42242;+3397;1.13;1.07
EspiranTo;;881;23045;+1349;1.09;1.07
blackpoisoN;;318;8089;+501;1.09;1.07
InfrequeNt;;488;12549;+926;1.11;1.07
hyped;;450;11542;+993;1.14;1.07
downie;;317;8286;+656;1.13;1.07
NEOFRAG;;974;25626;+1383;1.08;1.07
JBa;;262;6478;+422;1.10;1.07
afro;;863;22791;+1723;1.12;1.07
QKA;;402;10409;+702;1.10;1.07
Pimp;;983;25223;+2054;1.13;1.07
MoDo;;494;12762;+1195;1.15;1.07
somebody;;1319;33969;+2243;1.10;1.07
Mercury;;308;7624;+495;1.10;1.07
Moseyuh;;225;5701;+409;1.11;1.07
shroud;;676;17460;+1311;1.12;1.07
ZOREE;;1908;50859;+4065;1.13;1.07
Annihilation;;434;11587;+1026;1.14;1.07
WorldEdit;;1331;34780;+2443;1.11;1.07
nython;;839;21421;+1732;1.13;1.07
reiko;;873;22676;+1012;1.06;1.07
PANIX;;608;15407;+1183;1.12;1.07
NikoM;;542;13969;+957;1.10;1.07
rain;;219;5407;+368;1.10;1.07
hallzerk;;1008;26810;+1856;1.11;1.07
Lucky;;994;25728;+2259;1.14;1.07
autimatic;;1388;35973;+2409;1.10;1.06
Impulse;;818;21711;+1558;1.11;1.06
FpSSS;;398;10250;+811;1.12;1.06
iDISBALANCE;;1331;34835;+3187;1.15;1.06
hAdji;;1469;38562;+2652;1.10;1.06
leaf;;254;6523;+352;1.08;1.06
smike;;496;12846;+601;1.07;1.06
ofnu;;852;21778;+1380;1.10;1.06
CRUC1AL;;1762;46071;+3294;1.11;1.06
fr3nd;;419;10647;+803;1.12;1.06
AnJ;;403;10503;+763;1.11;1.06
mezii;;769;20383;+1426;1.11;1.06
Ethan;;986;25998;+1488;1.09;1.06
DD;;942;24271;+1503;1.09;1.06
REDSTAR;;998;26388;+2098;1.13;1.06
jks;;1359;35500;+2516;1.11;1.06
jL;;715;18942;+1137;1.09;1.06
snatchie;;1713;45851;+2605;1.09;1.06
frei;;256;6660;+412;1.09;1.06
Keiti;;214;5699;+223;1.05;1.06
FalleN;;1816;47335;+4069;1.14;1.06
Happy;;1462;37912;+2739;1.11;1.06
YEKINDAR;;1354;35802;+1535;1.06;1.06
4pack;;228;5904;+239;1.06;1.06
pz;;681;17139;+1243;1.12;1.06
boltz;;1444;37712;+2764;1.12;1.06
Rainwaker;;1497;40148;+2857;1.11;1.06
SandeN;;373;9797;+495;1.07;1.06
NikkeZ;;425;10922;+538;1.07;1.06
zhokiNg;;1243;31797;+1443;1.06;1.06
L!nKz^;;213;5606;+408;1.11;1.06
acoR;;1315;34187;+2467;1.11;1.06
COLDYY1;;947;24917;+1718;1.11;1.06
JohnOlsen;;206;5353;+261;1.07;1.06
fame;;772;20081;+1316;1.10;1.06
gxx-;;717;18696;+1613;1.14;1.06
brutmonster;;447;11316;+725;1.10;1.06
floppy;;1088;28223;+1653;1.09;1.06
scoobyxie;;237;6341;+421;1.10;1.06
tomaszin;;310;7606;+430;1.08;1.06
paz;;1147;30130;+1910;1.10;1.06
Skadoodle;;1047;27129;+2458;1.15;1.06
Zilkenberg;;325;8261;+487;1.09;1.06
fakzwall;;219;5820;+459;1.13;1.06
CacaNito;;643;16587;+712;1.06;1.06
flexeeee;;235;5921;+342;1.09;1.06
cool4st;;234;6086;+356;1.09;1.06
koosta;;977;25766;+1341;1.08;1.06
pancc;;602;15875;+818;1.08;1.06
skullz;;680;17837;+1243;1.11;1.06
nero;;290;7069;+372;1.08;1.06
lauNX;;562;14913;+680;1.07;1.06
SHiPZ;;2037;53984;+2518;1.07;1.06
TOR;;452;11472;+657;1.09;1.06
fleav;;678;17790;+915;1.08;1.06
Valiance;;728;18676;+1163;1.10;1.06
olofmeister;;1586;41448;+2735;1.10;1.06
VLDN;;366;9457;+613;1.10;1.06
Slugy;;246;6506;+257;1.06;1.06
ISSAA;;883;23123;+1481;1.10;1.06
trk;;989;25829;+1602;1.10;1.05
crashies;;336;8723;+459;1.08;1.05
smooth_criminal22;;290;7396;+295;1.06;1.05
dexter;;1231;31345;+1618;1.08;1.05
SLOWLY;;581;15418;+689;1.07;1.05
TORITO;;231;5929;+279;1.07;1.05
lattykk;;338;8799;+673;1.13;1.05
TruNiQ;;215;5547;+310;1.08;1.05
tucks;;837;20901;+1323;1.10;1.05
atter;;240;6228;+244;1.06;1.05
suNny;;1390;36687;+1610;1.06;1.05
s4ltovsk1yy;;610;16245;+1224;1.12;1.05
shalfey;;879;22863;+1720;1.12;1.05
HObbit;;1457;38190;+2345;1.09;1.05
Ryujin;;208;5052;+245;1.07;1.05
bottle;;768;19801;+871;1.06;1.05
Aunkere;;371;9694;+431;1.07;1.05
stavn;;1354;35907;+1935;1.08;1.05
lan;;417;10826;+503;1.07;1.05
penny;;228;6019;+225;1.05;1.05
casey;;243;6325;+196;1.04;1.05
Ramz1kBO$$;;425;11070;+553;1.07;1.05
phzy;;690;18426;+1298;1.11;1.05
HZ;;500;12856;+691;1.08;1.05
Daveeys;;267;6672;+411;1.09;1.05
meyern;;776;19892;+977;1.07;1.05
CoJoMo;;218;5446;+345;1.10;1.05
Mr.six;;244;6220;+200;1.04;1.05
dycha;;1068;28272;+1283;1.07;1.05
detr0ittJ;;506;12829;+878;1.11;1.05
gafolo;;573;14664;+1105;1.12;1.05
cajunb;;1751;45848;+2868;1.10;1.05
m4tthi;;369;9820;+546;1.09;1.05
kauez;;464;11865;+537;1.07;1.05
vilga;;337;8155;+364;1.07;1.05
ObZen;;281;7186;+462;1.10;1.05
zeph;;601;15269;+607;1.06;1.05
Domsterr;;274;6833;+439;1.10;1.05
rallen;;2053;54595;+3328;1.09;1.05
KENSI;;999;26089;+1582;1.09;1.05
Sys;;324;8237;+435;1.08;1.05
yay;;653;17182;+604;1.05;1.05
RCF;;965;24796;+1386;1.09;1.05
chelo;;1149;29588;+1425;1.07;1.05
iM;;1048;27736;+1114;1.06;1.05
desh;;426;11083;+699;1.10;1.05
roeJ;;1230;31835;+1456;1.07;1.05
mou;;1556;41288;+2548;1.10;1.05
SicK;;795;20701;+1040;1.07;1.05
juliano;;307;7392;+318;1.06;1.05
WolfY;;826;21562;+1622;1.12;1.05
NEEX;;429;11195;+574;1.08;1.05
Gratisfaction;;954;24861;+1631;1.10;1.05
b1t;;693;18126;+1130;1.10;1.05
Swisher;;1063;27438;+1216;1.07;1.05
Brollan;;1238;32716;+1400;1.06;1.05
Sobol;;1319;34816;+1791;1.08;1.05
loWel;;1008;26413;+1739;1.10;1.05
juanflatroo;;926;24306;+695;1.04;1.05
remix;;712;18675;+1114;1.09;1.05
b4rtiN;;668;17063;+946;1.09;1.05
Cyrix;;276;6921;+360;1.08;1.05
Westmelon;;521;13391;+509;1.06;1.05
Marcelious;;529;14241;+696;1.07;1.05
raafa;;640;16832;+1092;1.10;1.05
k1tkat;;242;6302;+202;1.05;1.05
Zellsis;;626;16210;+803;1.07;1.05
flying;;500;13170;+545;1.06;1.05
d1Ledez;;508;12871;+516;1.06;1.05
jackhan;;275;7075;+300;1.06;1.05
KRIMZ;;2030;53170;+3258;1.10;1.05
BeaKie;;357;9128;+432;1.07;1.05
KEi;;1048;27909;+929;1.05;1.05
MarKE;;1226;31119;+1794;1.09;1.05
rommi;;516;13467;+604;1.06;1.05
Gospadarov;;336;8984;+558;1.10;1.05
Grim;;1170;30411;+936;1.04;1.05
proSHOW;;310;8357;+439;1.08;1.04
KAISER;;211;5454;+327;1.09;1.04
latto;;638;16555;+944;1.09;1.04
sdy;;1525;39938;+2569;1.10;1.04
Flarich;;1088;29007;+1816;1.10;1.04
brnz4n;;505;12858;+524;1.06;1.04
V4D1M;;345;9013;+509;1.09;1.04
hardzao;;1116;28524;+1866;1.11;1.04
shz;;1030;26574;+1423;1.08;1.04
flameZ;;649;17072;+728;1.06;1.04
cadiaN;;1740;45688;+3059;1.11;1.04
gbb;;405;10284;+366;1.05;1.04
rdnzao;;368;9042;+427;1.07;1.04
nin9;;513;13368;+815;1.10;1.04
zewsy;;618;15666;+667;1.06;1.04
Kjaerbye;;1553;40894;+2079;1.08;1.04
STOMP;;809;21729;+1329;1.10;1.04
shg;;211;5280;+189;1.05;1.04
EMUHLEET;;203;4995;+345;1.11;1.04
fino;;250;6027;+395;1.11;1.04
tabseN;;2327;61289;+1438;1.03;1.04
Bwills;;1162;30147;+1471;1.07;1.04
story;;557;14245;+1014;1.12;1.04
malta;;1146;29145;+1550;1.08;1.04
jkaem;;1762;46264;+1407;1.04;1.04
Hiko;;937;24398;+1532;1.10;1.04
Geniuss;;398;10155;+309;1.04;1.04
eraa;;887;23457;+1268;1.08;1.04
kanii;;226;5582;+205;1.05;1.04
SLIGHT;;568;14359;+859;1.09;1.04
tomiko;;517;13416;+314;1.03;1.04
JW;;2404;63086;+2444;1.06;1.04
n1ssim;;319;8081;+418;1.08;1.04
HSK;;540;13851;+845;1.10;1.04
aumaN;;932;23765;+1202;1.08;1.04
Reality;;367;9374;+459;1.07;1.04
KAB0M;;235;6154;+320;1.08;1.04
Jeorge;;651;16731;+706;1.06;1.04
IyeN;;352;9102;+239;1.04;1.04
DavCost;;1360;35819;+1918;1.08;1.04
DEPRESHN;;291;7765;+438;1.09;1.04
sam_A;;250;6314;+263;1.06;1.04
Bubzkji;;817;21619;+963;1.07;1.04
kobruh;;249;6576;+191;1.04;1.04
Aerial;;1139;30459;+1269;1.06;1.04
lux;;435;11024;+425;1.06;1.04
motm;;1100;28891;+1055;1.05;1.04
ANDROID;;835;21741;+1036;1.07;1.04
chawzyyy;;437;11558;+568;1.08;1.04
TRAVIS;;831;22019;+889;1.06;1.04
AE;;352;9019;+191;1.03;1.04
PR;;237;5611;+216;1.06;1.04
LOVEYY;;708;17977;+699;1.06;1.04
stax;;243;6188;+318;1.08;1.04
KHTEX;;628;16208;+867;1.08;1.04
deStiny;;272;6975;+64;1.01;1.04
dEE;;512;13533;+657;1.07;1.04
TeSeS;;1122;29577;+1167;1.06;1.04
N1ghtraid;;232;5920;+202;1.05;1.04
Flayy;;234;6068;+330;1.08;1.04
Davidp;;774;20539;+1009;1.08;1.03
Wolffe;;368;9465;+349;1.05;1.03
tb;;619;15737;+708;1.07;1.03
SaVage;;429;10883;+634;1.09;1.03
nexa;;1483;38991;+1940;1.08;1.03
rigoN;;735;19190;+161;1.01;1.03
piriajr;;532;13937;+535;1.06;1.03
tarik;;1438;37326;+1316;1.05;1.03
waffe;;213;5440;+197;1.05;1.03
rAge;;385;10265;+688;1.11;1.03
NK4Y;;480;12325;+429;1.05;1.03
ewjerkz;;520;13280;+381;1.04;1.03
Kntz;;552;14299;+670;1.07;1.03
Subroza;;623;16275;+375;1.03;1.03
USTILO;;1153;29801;+931;1.05;1.03
DannyG;;378;9777;+300;1.04;1.03
r3salt;;518;12862;+360;1.04;1.03
Fessor;;488;13085;+383;1.04;1.03
LEEROY;;253;6585;+147;1.03;1.03
HECTOz;;354;9307;+291;1.05;1.03
Roflko;;452;11574;+288;1.04;1.03
yam;;547;14003;+650;1.07;1.03
snedker;;271;7016;+359;1.08;1.03
Shr;;218;5585;+61;1.01;1.03
Swahn;;489;12881;+599;1.07;1.03
sperr;;217;5554;+149;1.04;1.03
oBo;;356;9530;+305;1.05;1.03
REZ;;1609;42142;+1501;1.05;1.03
land1n;;902;23516;+1296;1.09;1.03
znajder;;1050;27577;+1070;1.06;1.03
Relaxa;;1204;32063;+1931;1.10;1.03
DEV7L;;549;14256;+582;1.06;1.03
guidimon;;227;6070;+14;1.00;1.03
Dytor;;530;13721;+274;1.03;1.03
FASHR;;957;25370;+624;1.04;1.03
J3nsyy;;584;15708;+807;1.08;1.03
twist;;2013;52881;+1776;1.05;1.03
Snax;;2459;64781;+2680;1.06;1.03
sirah;;234;5517;+188;1.05;1.03
AiyvaN;;701;18214;+578;1.05;1.03
BORKUM;;232;5904;+163;1.04;1.03
n0rb3r7;;1274;33499;+751;1.03;1.03
Dirty;;214;5712;+148;1.04;1.03
Qikert;;1453;38290;+1728;1.07;1.03
chay;;418;10656;+303;1.04;1.03
refrezh;;1382;36196;+1422;1.06;1.03
moxie;;323;8190;+441;1.09;1.03
kressy;;1106;29606;+1167;1.06;1.03
Patitek;;377;9918;+178;1.03;1.03
stfN;;1365;36267;+1442;1.06;1.03
flusha;;2202;58095;+2313;1.06;1.03
mwlky;;274;7075;+245;1.05;1.03
mawth;;359;9280;+301;1.05;1.03
Andyy;;256;6715;+331;1.08;1.03
mello;;207;5416;+326;1.10;1.03
shuadapai;;549;14214;+492;1.05;1.03
dobu;;978;25448;+642;1.04;1.03
FrostMisty;;376;9498;+411;1.07;1.03
RIKO;;406;10568;+155;1.02;1.03
KaiR0N-;;441;11158;+172;1.02;1.03
dennis;;1578;41942;+1136;1.04;1.03
shield;;292;7665;+381;1.08;1.03
food;;456;11711;+380;1.05;1.03
aizy;;1659;43577;+1196;1.04;1.03
Forester;;1509;40074;+1418;1.05;1.03
yAmi;;255;6522;+169;1.04;1.03
kabal;;980;25602;+920;1.05;1.03
destiny;;1423;36409;+833;1.03;1.03
Niffy;;329;8451;+285;1.05;1.03
jchancE;;225;5947;+42;1.01;1.02
hoody;;575;15453;+402;1.04;1.02
CyberFocus;;491;12779;+320;1.04;1.02
LyGHT;;225;5921;+133;1.03;1.02
kai;;483;12692;+415;1.05;1.02
buster;;1384;36606;+1824;1.08;1.02
Markoś;;914;24228;+1183;1.08;1.02
imoRR;;818;22023;+226;1.01;1.02
pashaBiceps;;1597;41346;+989;1.03;1.02
JonY BoY;;443;11326;+322;1.04;1.02
RMN;;319;8295;+186;1.03;1.02
kolor;;605;15745;+388;1.04;1.02
dukeN;;218;5588;+126;1.03;1.02
arTisT;;416;10878;+338;1.05;1.02
b0denmaster;;956;24755;+991;1.06;1.02
red;;214;5715;+178;1.05;1.02
Lucky;;1600;42306;+1666;1.06;1.02
dragonfly;;507;13234;+502;1.06;1.02
AZUWU;;332;8473;+167;1.03;1.02
smiley;;486;13176;+634;1.08;1.02
kyuubii;;493;12733;+510;1.06;1.02
captainMo;;856;21978;+517;1.03;1.02
DiMKE;;711;18712;+476;1.04;1.02
jdm64;;823;21321;+825;1.06;1.02
AMANEK;;1151;30969;+1248;1.06;1.02
fnx;;689;17740;+663;1.06;1.02
c0llins;;684;17709;+380;1.03;1.02
MonttY;;522;13451;+338;1.04;1.02
FANAT ROCKA;;465;12150;+453;1.06;1.02
disco doplan;;1207;32000;+1094;1.05;1.02
damyo;;321;7857;+119;1.02;1.02
Nico;;399;10074;+547;1.09;1.02
versa;;413;10555;+288;1.04;1.02
sjuush;;1115;29164;+1066;1.06;1.02
ChildKing;;273;7170;+128;1.03;1.02
mouz;;1722;45760;+1738;1.06;1.02
qqGOD;;584;15180;+280;1.03;1.02
alex;;1544;40661;+1377;1.05;1.02
Derek;;245;6253;+147;1.03;1.02
MoeycQ;;639;16594;+410;1.04;1.02
Patsi;;703;18662;+237;1.02;1.02
juho;;799;20959;+67;1.00;1.02
Maluk3;;1241;32243;+1295;1.06;1.02
Dragon;;381;9976;+288;1.04;1.02
rain;;1906;50089;+760;1.02;1.02
clax;;809;20847;+800;1.06;1.02
KalubeR;;630;16774;+429;1.04;1.02
zont1x;;507;13012;+417;1.05;1.02
bondik;;1496;39214;+1427;1.06;1.02
Norwi;;867;22396;+712;1.05;1.02
atarax1a;;355;9310;+369;1.06;1.02
spaze;;538;14117;+89;1.01;1.02
tabz;;314;8432;+230;1.04;1.02
xertioN;;454;11568;+334;1.04;1.02
v1c7oR;;1891;49359;+1181;1.04;1.02
reck;;596;15543;+357;1.03;1.02
Monster;;205;5457;+146;1.04;1.02
HS;;1104;29488;+344;1.02;1.02
Voltage;;444;11421;+571;1.08;1.02
Ace;;456;11866;+570;1.08;1.02
Marix;;374;9409;+118;1.02;1.02
dimasick;;585;15322;+447;1.04;1.02
Polt;;674;17559;+662;1.06;1.02
Staehr;;585;15601;+389;1.04;1.02
Zyphon;;806;21088;+641;1.05;1.02
ROBO;;667;17746;+628;1.05;1.02
SLY;;314;8234;+25;1.00;1.02
jedqr;;955;25623;+787;1.05;1.02
TENZKI;;1504;39564;+1333;1.05;1.02
Thomas;;1176;31130;+779;1.04;1.02
Spongey;;862;22399;+1034;1.08;1.02
glowiing;;940;24405;+367;1.02;1.02
Luzuh;;297;7752;+276;1.05;1.02
n0thing;;813;21021;+484;1.03;1.02
HexT;;819;21075;+505;1.04;1.02
Jyo;;1415;37546;+1281;1.05;1.02
SKYTTEN;;382;10157;+328;1.05;1.02
flamie;;1753;46406;+1198;1.04;1.02
spargo;;575;15659;+439;1.04;1.02
cxzi;;819;21255;+27;1.00;1.02
Mystic;;212;5447;-24;0.99;1.02
fox;;1062;27719;+512;1.03;1.02
koala;;322;8205;+275;1.05;1.02
roca;;660;17324;+195;1.02;1.02
queztone;;716;18727;+211;1.02;1.02
bld;;328;8579;+126;1.02;1.02
spaz;;250;6612;+111;1.02;1.02
Kylar;;1016;26954;+736;1.04;1.02
LETN1;;1116;29031;+1135;1.06;1.02
snow;;324;7959;+181;1.03;1.02
chrisJ;;1719;45211;+1107;1.04;1.02
FaNg;;870;22419;+543;1.04;1.01
Maden;;942;24856;+268;1.02;1.01
flickz;;463;11665;+352;1.05;1.01
JDC;;746;19331;+397;1.03;1.01
aproto;;383;10053;+85;1.01;1.01
xCeeD;;451;11764;+174;1.02;1.01
tweiss;;389;10324;+56;1.01;1.01
rafaxF;;224;5643;+200;1.05;1.01
Lcm;;386;9733;+515;1.09;1.01
bedonka;;379;9815;+123;1.02;1.01
JUST;;1224;31770;+772;1.04;1.01
darti;;305;7931;+160;1.03;1.01
mar;;774;20544;+402;1.03;1.01
ztk;;211;5502;+126;1.03;1.01
aidKiT;;527;13902;+398;1.04;1.01
Blytz;;628;16449;+235;1.02;1.01
niko;;1388;36607;+941;1.04;1.01
SHOCK;;1239;32587;+790;1.04;1.01
Koshak;;293;7737;+110;1.02;1.01
DSSj;;220;5449;+183;1.05;1.01
gump;;311;7944;+189;1.04;1.01
desi;;430;10986;+99;1.01;1.01
maxster;;356;9086;+269;1.05;1.01
Tuurtle;;1173;30332;+684;1.03;1.01
EasTor;;503;13375;+378;1.04;1.01
Tio;;232;6076;+239;1.06;1.01
just9n;;236;6213;+82;1.02;1.01
shyyne;;313;8257;+294;1.06;1.01
pesadelo;;795;20767;+134;1.01;1.01
mitch;;807;20719;+632;1.05;1.01
tiburci0;;362;9487;+412;1.07;1.01
Plopski;;1275;33532;+911;1.04;1.01
salazar;;381;9455;+470;1.08;1.01
Maikelele;;1075;28357;+941;1.05;1.01
stadodo;;1060;27548;+951;1.05;1.01
spooke;;612;16052;+204;1.02;1.01
Porya;;421;11058;+252;1.03;1.01
j3kie;;441;11766;+112;1.01;1.01
Lekr0;;1410;37556;+829;1.03;1.01
Noobster;;496;12790;+203;1.02;1.01
Viva;;597;15834;+480;1.05;1.01
roseau;;419;10564;+79;1.01;1.01
NOPEEJ;;550;14281;+424;1.05;1.01
minimal;;225;6005;+146;1.04;1.01
shokz;;735;19722;+422;1.03;1.01
spyleadeR;;900;23255;+83;1.00;1.01
stonde;;219;5665;+198;1.06;1.01
sLowi;;1377;36911;+468;1.02;1.01
Umar;;277;7106;-9;1.00;1.01
NBK-;;2296;60207;+789;1.02;1.01
Xyp9x;;2188;57242;+2187;1.06;1.01
Magnojez;;289;7185;+58;1.01;1.01
Goofy;;1533;41022;+435;1.02;1.01
Svedjehed;;501;13600;+340;1.04;1.01
Jinxx;;407;10684;+305;1.04;1.01
byali;;2067;54467;+1239;1.03;1.01
mirbit;;866;23162;+926;1.06;1.01
rilax;;303;8117;+161;1.03;1.01
MAKKA;;240;6369;+136;1.03;1.01
Butters;;242;6193;+45;1.01;1.01
Friis;;938;24254;+747;1.05;1.01
pan1K;;327;8525;+37;1.01;1.01
dazzLe;;690;17971;-8;1.00;1.01
Spitfire;;212;5599;+78;1.02;1.01
ayaya;;462;11695;+102;1.01;1.01
SIXER;;1174;31022;+1265;1.07;1.01
awzek;;568;14396;+183;1.02;1.01
Cabbi;;938;24171;-52;1.00;1.01
szejn;;621;16577;+161;1.01;1.01
kalinka;;855;22891;+157;1.01;1.01
es3tag;;1422;37070;+670;1.03;1.01
grux;;496;13236;+230;1.03;1.01
Crityourface;;232;6136;+124;1.03;1.01
Kamion;;252;6088;+59;1.01;1.01
luchov;;436;11045;-11;1.00;1.01
to1nou;;850;22377;+520;1.04;1.01
hampus;;1524;40344;+164;1.01;1.01
HUGH;;855;22111;+429;1.03;1.01
Stewie2K;;1535;40053;+349;1.01;1.01
FRANSSON;;434;11806;+209;1.03;1.01
Nodios;;1151;30209;+697;1.04;1.01
iDk;;1055;27424;+510;1.03;1.01
Raijin;;459;12474;+228;1.03;1.01
rtA;;222;5793;+149;1.04;1.01
DESPE;;468;12127;+320;1.04;1.01
kamil;;227;5987;-98;0.98;1.01
Momo;;231;6079;-9;1.00;1.01
kioShiMa;;1493;39227;+1286;1.05;1.01
FugLy;;1083;28153;+621;1.03;1.01
emagine;;751;18931;+487;1.04;1.01
JDubs;;237;6135;+17;1.00;1.01
GruBy;;1823;48436;+454;1.01;1.01
yel;;1045;27133;+882;1.05;1.00
s1n;;583;15245;+371;1.04;1.00
reatz;;1579;42452;+659;1.02;1.00
SasuKe;;314;8227;-32;0.99;1.00
weber;;243;6254;+114;1.03;1.00
LeoGOD;;243;6383;+74;1.02;1.00
xicoz;;219;5530;+48;1.01;1.00
DickStacy;;630;15858;+312;1.03;1.00
delboNi;;696;17913;+298;1.03;1.00
MINISE;;1873;49950;+583;1.02;1.00
Wicadia;;242;6060;-34;0.99;1.00
fl0m;;866;22505;+423;1.03;1.00
pounh;;401;10552;+91;1.01;1.00
sausol;;522;13710;+158;1.02;1.00
mikeS;;306;8077;+183;1.04;1.00
NENO;;719;18580;+455;1.04;1.00
J0LZ;;583;15363;+105;1.01;1.00
JonahP;;236;6098;+10;1.00;1.00
Edward;;1495;39373;+773;1.03;1.00
waterfaLLZ;;918;24314;+321;1.02;1.00
Krad;;1603;42301;+318;1.01;1.00
steel;;673;17552;+66;1.01;1.00
veta;;261;6593;+115;1.03;1.00
lukjjE;;285;7451;+144;1.03;1.00
b0RUP;;1737;46286;+291;1.01;1.00
OWNER;;447;11477;+133;1.02;1.00
Zero;;1237;32902;+897;1.04;1.00
Snakes;;544;14013;+241;1.03;1.00
freshie;;460;11494;+89;1.01;1.00
dsr;;212;5438;+6;1.00;1.00
Relyks;;832;21258;+161;1.01;1.00
REFLEX;;307;7807;+119;1.02;1.00
almazer;;1355;36390;+645;1.03;1.00
Carcass;;223;5736;+29;1.01;1.00
PlesseN;;1627;43008;-140;1.00;1.00
Altekz;;665;17015;+334;1.03;1.00
tatazin;;906;23670;+912;1.06;1.00
avid;;225;5316;+92;1.03;1.00
glace;;589;15307;+366;1.04;1.00
Oderus;;473;12356;-52;0.99;1.00
1uke;;623;16179;+223;1.02;1.00
ableJ;;372;9544;+299;1.05;1.00
Anlelele;;461;11841;+207;1.03;1.00
kreaz;;881;23017;+520;1.03;1.00
capseN;;501;13284;+450;1.05;1.00
bnwGiggs;;355;9111;-41;0.99;1.00
k1Ng0r;;358;9126;+56;1.01;1.00
mch;;353;9066;+291;1.05;1.00
kenzor;;605;15796;+57;1.01;1.00
hazed;;736;19138;-81;0.99;1.00
doc;;289;6945;-100;0.98;1.00
xiaosaGe;;889;23331;+11;1.00;1.00
Tender;;280;7342;+20;1.00;1.00
dOBRIY;;207;5431;+55;1.02;1.00
ap0c;;970;24817;+50;1.00;1.00
apEX;;2244;58723;+5;1.00;1.00
rate;;276;7232;+20;1.00;1.00
max;;836;21801;+360;1.02;1.00
pavv;;275;7008;+21;1.00;1.00
Nifty;;951;24755;+204;1.01;1.00
curry;;259;6821;-58;0.99;1.00
cbbk;;404;10342;+163;1.02;1.00
speed4k;;840;22566;+527;1.04;1.00
ImpressioN;;684;17721;+131;1.01;1.00
KILLDREAM;;429;11159;-16;1.00;1.00
s0und;;409;10766;-13;1.00;1.00
wizard;;260;6628;+30;1.01;1.00
F1KU;;897;24047;+58;1.00;1.00
RoLEX;;492;12610;+33;1.00;1.00
rekonz;;327;8281;+59;1.01;1.00
zeff;;482;12229;+54;1.01;1.00
Straka;;325;8223;-30;0.99;1.00
R0b3n;;530;13950;+208;1.02;1.00
alter;;274;7211;-62;0.99;1.00
nbqq;;671;17271;+84;1.01;1.00
cromen;;653;17335;+67;1.01;1.00
christo;;282;7433;+172;1.04;1.00
shaiK;;246;6287;+47;1.01;1.00
adreN;;697;18241;+380;1.03;1.00
magixx;;896;23346;+606;1.04;1.00
xureba;;245;5998;+12;1.00;1.00
obj;;453;11851;+326;1.04;1.00
zqkS;;927;23891;+751;1.05;1.00
susp;;412;10203;+82;1.01;1.00
MODDII;;1170;30550;+401;1.02;1.00
xseveN;;1521;40510;+434;1.02;1.00
Pechyn;;457;12070;+77;1.01;1.00
rezex;;279;7325;+50;1.01;1.00
pyth;;758;19846;-11;1.00;1.00
cam;;544;13974;+169;1.02;1.00
MaLLby;;348;9441;+164;1.03;1.00
peet;;379;9993;+97;1.01;1.00
jR;;940;25107;+388;1.02;1.00
volt;;529;13909;+144;1.02;1.00
KWERTZZ;;382;9809;+36;1.01;1.00
innocent;;1942;51158;+333;1.01;1.00
fozil;;231;5981;+48;1.01;1.00
pecks;;389;9930;+162;1.03;1.00
spek;;203;5221;-138;0.96;1.00
fenvicious;;751;19647;+45;1.00;1.00
bsd;;201;5354;+119;1.03;1.00
vice;;493;12707;+128;1.01;1.00
void;;467;11963;+121;1.01;1.00
Djoko;;950;24901;-168;0.99;1.00
1962;;662;17312;-207;0.98;1.00
Not7;;204;5245;+74;1.02;1.00
adamS;;580;15113;+193;1.02;1.00
stamina;;442;11576;+7;1.00;1.00
Basso;;618;16195;+226;1.02;1.00
jcrueL;;263;6581;+20;1.00;1.00
Bååten;;743;19804;+20;1.00;0.99
Jackinho;;486;11970;+141;1.02;0.99
Pluto;;301;7943;-56;0.99;0.99
RaZ;;373;9513;+13;1.00;0.99
supra;;654;17421;+35;1.00;0.99
myltsi;;404;10749;-26;1.00;0.99
mds;;1316;35296;+475;1.02;0.99
ec1s;;213;5437;+43;1.01;0.99
freddieb;;1135;30119;+180;1.01;0.99
SEMPHIS;;848;21936;-33;1.00;0.99
Celrate;;361;9660;+57;1.01;0.99
Get_Jeka;;232;6100;+102;1.03;0.99
chop;;779;20328;+162;1.01;0.99
wiz;;731;19096;+395;1.03;0.99
Rackem;;231;5662;-2;1.00;0.99
NEUZ;;293;7507;-159;0.97;0.99
gMd;;464;12098;-47;0.99;0.99
HEAP;;525;13816;+72;1.01;0.99
Liki;;507;12853;+239;1.03;0.99
ALEX;;1162;30750;-372;0.98;0.99
pauf;;270;6957;+93;1.02;0.99
SZPERO;;2194;58079;+644;1.02;0.99
robby;;322;8196;+27;1.00;0.99
abr;;505;13049;+289;1.03;0.99
YDNA;;438;11346;+95;1.01;0.99
markeloff;;1146;29704;+485;1.03;0.99
Puls3;;436;11572;+74;1.01;0.99
Barcode;;344;9007;-131;0.98;0.99
neptune;;498;13218;-23;1.00;0.99
doktizh;;250;6526;+41;1.01;0.99
consti;;351;9031;+187;1.03;0.99
rbz;;647;16903;+138;1.01;0.99
BENDJI;;878;23318;+137;1.01;0.99
tricky;;276;7218;+55;1.01;0.99
cookie;;220;5689;-30;0.99;0.99
xelos;;442;11653;-12;1.00;0.99
l0gicman;;269;7312;+56;1.01;0.99
Vegi;;1071;28739;-162;0.99;0.99
realz1n;;865;22554;+296;1.02;0.99
jaxi;;472;12125;+183;1.02;0.99
jabbi;;1016;27012;+252;1.01;0.99
s0m;;358;9528;+28;1.00;0.99
dzt;;749;19228;+20;1.00;0.99
zNf;;253;6613;+12;1.00;0.99
facecrack;;1765;47082;-697;0.98;0.99
BARBARR;;876;23180;-20;1.00;0.99
bodyy;;1649;43381;-78;1.00;0.99
JIaYm;;590;15998;-282;0.98;0.99
S3NSEY;;380;10165;+113;1.02;0.99
ToM223;;362;9591;+59;1.01;0.99
ragga;;807;21546;-121;0.99;0.99
brzer;;311;8307;+150;1.03;0.99
MRN1;;343;9074;-230;0.97;0.99
kalle;;288;7551;+22;1.00;0.99
fr0slev;;714;18724;+107;1.01;0.99
MisteM;;651;17089;-156;0.99;0.99
NIO;;241;6266;+161;1.04;0.99
mopoz;;1451;38043;-320;0.99;0.99
dukefissura;;415;11227;-145;0.98;0.99
soulfly;;433;11424;-212;0.97;0.99
PPOverdose;;292;7518;-106;0.98;0.99
UnK;;243;6363;-2;1.00;0.99
dangeR;;419;10522;+78;1.01;0.99
solo;;369;9364;+90;1.01;0.99
tN1R;;422;10550;+110;1.02;0.99
Tsogoo;;542;13768;-2;1.00;0.99
apocdud;;892;22807;+38;1.00;0.99
swiiffter;;201;5323;-5;1.00;0.99
ANGE1;;1728;45027;-685;0.98;0.99
voltera;;367;9767;-62;0.99;0.99
kaboose;;549;14235;-305;0.97;0.99
L1NK;;213;5525;+14;1.00;0.99
arT;;1218;31409;-317;0.99;0.99
leo_drk;;646;16579;-120;0.99;0.99
robiin;;1785;46866;-161;0.99;0.99
Hunter;;342;8953;+39;1.01;0.99
MUTiRiS;;1632;42332;+223;1.01;0.99
Drone;;454;11841;-168;0.98;0.99
Dimaoneshot;;1320;34760;-556;0.98;0.99
fnyekes;;315;8217;-78;0.99;0.99
M1key;;201;5144;-76;0.98;0.99
Noktse;;1142;29489;+276;1.01;0.99
dephh;;790;20560;-336;0.98;0.99
DILLION1;;308;8074;+36;1.01;0.99
CHRiSOAOW;;255;6428;-6;1.00;0.99
Perfecto;;963;25120;+712;1.05;0.99
vanity;;609;15688;+80;1.01;0.99
morelz;;1612;42414;-345;0.99;0.99
LYNXi;;290;7763;+64;1.01;0.99
truth;;541;14502;-47;1.00;0.99
Mann3n;;255;6822;-145;0.97;0.99
gade;;958;25224;-121;0.99;0.99
freakazoid;;1067;27183;-267;0.99;0.99
bq;;459;12282;-149;0.98;0.99
ZEDKO;;1653;43267;+97;1.00;0.99
VINI;;1269;32516;-53;1.00;0.99
uli;;670;17621;+76;1.01;0.99
shane;;393;9908;+2;1.00;0.99
SAGGERTON;;540;14097;-231;0.98;0.99
matios;;416;10594;-47;0.99;0.99
TjP;;289;7111;-174;0.97;0.99
fitch;;577;15287;-228;0.98;0.99
br0;;486;12665;+32;1.00;0.99
EMIYA;;611;15429;+77;1.01;0.99
tudsoN;;347;9154;+25;1.00;0.99
Techno;;454;11743;-160;0.98;0.99
alex666;;206;5390;+3;1.00;0.99
STYKO;;1930;50942;+142;1.00;0.99
CYPHER;;693;18154;-363;0.97;0.99
kory;;775;20583;-95;0.99;0.99
simke;;449;11359;-169;0.98;0.99
s1ren;;453;11395;+119;1.02;0.99
npl;;320;8032;-72;0.99;0.99
ryotzz;;447;11613;-154;0.98;0.99
DemQQ;;915;23717;+197;1.01;0.99
Lukki;;895;23495;-18;1.00;0.99
AZK;;282;7420;-1;1.00;0.98
J1rah;;803;20826;-29;1.00;0.98
DAVEY;;801;20713;-294;0.98;0.98
olimp;;286;7308;-37;0.99;0.98
uQlutzavr;;315;8598;-68;0.99;0.98
walker;;330;8626;+65;1.01;0.98
cej0t;;266;6441;-88;0.98;0.98
Xizt;;1667;42881;+511;1.02;0.98
stellar;;427;10968;+26;1.00;0.98
Bruninho;;311;8191;+19;1.00;0.98
no_one;;343;8859;-115;0.98;0.98
CaNNiE;;222;5830;-45;0.99;0.98
arrozdoce;;489;12495;-87;0.99;0.98
Jerry;;1928;51745;-65;1.00;0.98
xfl0ud;;502;13088;+118;1.01;0.98
AZR;;1145;29916;-249;0.99;0.98
nitr0;;1541;40388;+87;1.00;0.98
RUBINO;;998;26140;-170;0.99;0.98
Ex3rcice;;773;20274;+5;1.00;0.98
Stev0se;;511;13529;-140;0.99;0.98
d4rty;;431;10728;-12;1.00;0.98
Banjo;;417;11118;+100;1.01;0.98
ryann;;697;17857;-269;0.98;0.98
Cryptic;;457;11425;-245;0.97;0.98
Dosia;;1468;38434;+109;1.00;0.98
Zix;;400;10329;-166;0.98;0.98
Fadey;;847;21801;-438;0.97;0.98
AdreN;;1770;46542;-254;0.99;0.98
DeathZz;;551;14730;+18;1.00;0.98
Bymas;;504;13193;+184;1.02;0.98
DeadFox;;807;21060;-54;1.00;0.98
maaryy;;579;14856;+135;1.01;0.98
reversive;;748;19555;-37;1.00;0.98
zende;;397;10444;-1;1.00;0.98
PetitSkel;;337;8661;-12;1.00;0.98
Daffu;;717;19219;+103;1.01;0.98
Remoy;;310;8241;-71;0.99;0.98
chuch;;305;7824;-62;0.99;0.98
NEY;;203;5271;-94;0.97;0.98
tabac0;;229;5938;-18;1.00;0.98
pr;;494;12620;-251;0.97;0.98
anger;;682;17700;-229;0.98;0.98
adamb;;484;11940;-75;0.99;0.98
naitte;;531;13618;-364;0.96;0.98
ice;;527;14204;-228;0.98;0.98
manguss;;536;14041;+71;1.01;0.98
tifa;;407;10476;-109;0.98;0.98
bew;;421;11108;-90;0.99;0.98
prosus;;704;18312;-281;0.98;0.98
krudeN;;278;7301;-131;0.97;0.98
hyskeee;;244;6273;+28;1.01;0.98
Spiidi;;2413;63834;+133;1.00;0.98
donQ;;344;8975;-13;1.00;0.98
sXe;;605;15708;-157;0.99;0.98
SADZED;;246;6400;+4;1.00;0.98
Python;;330;8896;+35;1.01;0.98
azizz;;284;7490;-132;0.98;0.98
siuhy;;810;21287;-327;0.98;0.98
Llamas;;460;11797;-35;1.00;0.98
kRaSnaL;;623;16199;-169;0.98;0.98
k1to;;1588;42125;-862;0.97;0.98
kapacho;;286;7489;-29;0.99;0.98
PERCY;;1044;27719;-353;0.98;0.98
syken;;413;10832;-248;0.97;0.98
bubble;;2398;63030;+77;1.00;0.98
InJect;;346;9009;+5;1.00;0.98
dfen;;248;6461;-132;0.97;0.98
Pollo;;309;8069;-130;0.98;0.98
ckzao;;334;8833;-156;0.97;0.98
silas;;299;7818;-80;0.99;0.98
BURNRUOk;;860;22168;-518;0.97;0.98
jnt;;768;19985;+209;1.02;0.98
KAPARZO;;234;6048;-74;0.98;0.98
badger;;204;5206;-28;0.99;0.98
ALLE;;756;19418;-90;0.99;0.98
BIT;;737;19057;+50;1.00;0.98
shonk;;256;6564;-142;0.97;0.98
JACKZ;;1285;33878;-414;0.98;0.98
roman;;1539;39864;-306;0.99;0.98
Peppzor;;657;17264;-293;0.98;0.98
Girafffe;;401;10452;-190;0.97;0.98
Wahtzz;;285;7171;-42;0.99;0.98
Sergiz;;465;12322;+98;1.01;0.98
kraghen;;677;17457;-253;0.98;0.98
sancz;;315;8346;-75;0.99;0.98
notaN;;646;17189;-110;0.99;0.98
hate;;392;10052;-154;0.98;0.98
Radifaction;;513;13736;-179;0.98;0.98
cJ dA K1nG;;616;15580;-132;0.99;0.98
Lack1;;1359;35629;-710;0.97;0.98
nacho;;225;5948;-128;0.97;0.98
KUN;;242;6329;-149;0.97;0.98
prt;;786;20516;-146;0.99;0.98
Artill;;260;6573;-269;0.95;0.98
slap;;286;7221;-164;0.97;0.97
yellow;;309;7983;-68;0.99;0.97
larsen;;650;17146;-45;1.00;0.97
Furlan;;2273;60326;-1156;0.97;0.97
RUSH;;1590;41556;-365;0.99;0.97
deco;;700;18227;-131;0.99;0.97
FinigaN;;615;16362;+103;1.01;0.97
RpK;;1503;39220;-608;0.98;0.97
k1Nky;;346;8938;-243;0.96;0.97
crow;;277;7092;-35;0.99;0.97
BELCHONOKK;;287;7211;-168;0.97;0.97
raalz;;1466;39206;-404;0.98;0.97
djay;;1061;27409;-288;0.98;0.97
Fr3nk1e;;299;7416;-172;0.97;0.97
guishorro;;331;8472;-347;0.94;0.97
kwezz;;1147;29812;-166;0.99;0.97
propleh;;438;11642;-105;0.99;0.97
gla1ve;;1922;50376;-264;0.99;0.97
bnox;;685;17839;-263;0.98;0.97
laser;;267;6984;-148;0.97;0.97
JUSTCAUSE;;352;9064;-225;0.96;0.97
RuStY;;1676;44997;-297;0.99;0.97
blocker;;906;24070;-559;0.97;0.97
Jonji;;1202;30923;-859;0.96;0.97
mono;;665;17776;-24;1.00;0.97
mASKED;;448;11529;-10;1.00;0.97
Jewelry;;301;7711;-183;0.97;0.97
HenkkyG;;333;8798;-172;0.97;0.97
cptkurtka023;;414;10483;-340;0.95;0.97
kyxsan;;804;20968;-265;0.98;0.97
X5G7V;;533;14216;-84;0.99;0.97
jmqa;;922;24189;-273;0.98;0.97
maak;;223;5866;-165;0.96;0.97
Enzo;;526;14157;-181;0.98;0.97
Smash;;399;10752;-165;0.98;0.97
DeStRoYeR;;600;15845;-235;0.98;0.97
seb;;603;15586;-224;0.98;0.97
NEKIZ;;1282;33383;-594;0.97;0.97
leman;;580;15648;-202;0.98;0.97
Delta9;;206;5421;-189;0.95;0.97
Buzz;;464;12320;-170;0.98;0.97
SPELLAN;;1595;41447;-368;0.99;0.97
prakM;;279;7227;-217;0.96;0.97
Twinx;;251;6673;-31;0.99;0.97
kUcheR;;852;22314;-145;0.99;0.97
smekk-;;477;12780;-483;0.95;0.97
krii;;535;13988;-195;0.98;0.97
f4stzin;;487;12896;-326;0.96;0.97
vLa;;415;11089;-131;0.98;0.97
stk;;591;15136;-223;0.98;0.97
skyye;;456;11677;-163;0.98;0.97
pdy;;204;5455;-204;0.95;0.97
MaSvAl;;270;7130;-22;1.00;0.97
snav;;418;10540;-112;0.98;0.97
SOKER;;651;17048;-439;0.96;0.97
Queenix;;912;23805;-224;0.99;0.97
PerX;;509;13000;-23;1.00;0.97
ponter;;448;11419;-244;0.97;0.97
Kind0;;441;11651;-144;0.98;0.97
supar;;203;4843;-114;0.97;0.97
Kristou;;720;18993;-357;0.97;0.97
oskarish;;1141;30578;-449;0.98;0.97
NickelBack;;1689;45052;-528;0.98;0.97
benny;;219;5640;-118;0.97;0.97
misutaaa;;734;19296;-383;0.97;0.97
viz;;540;13961;-152;0.98;0.97
Boombl4;;1352;35478;-761;0.97;0.97
DANVIET;;481;12650;-405;0.95;0.97
ELUSIVE;;401;10136;+38;1.01;0.97
jitter;;400;10745;-290;0.96;0.97
tom1jed;;308;8096;-362;0.94;0.97
AJTT;;409;10488;-111;0.98;0.97
Martin;;224;6100;-122;0.97;0.97
MAIROLLS;;501;12982;-222;0.97;0.97
fara;;218;5678;-181;0.96;0.97
sinnopsyy;;1003;26447;-953;0.95;0.97
PR1mE;;780;20680;-376;0.97;0.97
gabesson;;441;11654;-264;0.97;0.97
DEVIL;;638;16633;-305;0.97;0.97
takej;;245;6227;-141;0.97;0.97
fp1;;373;9965;-503;0.93;0.97
Mayker;;433;11216;-220;0.97;0.97
Pro.;;329;8534;-78;0.99;0.97
KHRN;;935;24443;-245;0.98;0.97
tomi;;243;6234;-160;0.96;0.97
doto;;838;22358;-519;0.97;0.97
Leaf;;398;10120;-71;0.99;0.97
juissi;;299;7961;-162;0.97;0.97
b1elany;;349;9179;-212;0.97;0.97
LUCAS1;;982;25330;-461;0.97;0.97
reltuC;;865;22664;-74;1.00;0.97
mikki;;318;8558;-160;0.97;0.97
bajmi;;207;5127;-25;0.99;0.97
ed101;;244;6127;-167;0.96;0.97
nEMANHA;;472;11976;-392;0.95;0.96
Surreal;;1935;50550;-869;0.97;0.96
Hyper;;646;16949;-167;0.99;0.96
Sapec;;904;23840;-757;0.96;0.96
b0bbzki;;295;7647;-298;0.95;0.96
synyx;;438;11184;-225;0.97;0.96
KS;;238;6134;-129;0.97;0.96
SADDYX;;653;17513;-341;0.97;0.96
BLUEE;;205;5374;-85;0.98;0.96
isak;;862;22793;-342;0.98;0.96
Maniac;;837;22049;-388;0.97;0.96
Strings;;217;5634;-218;0.95;0.96
Aaron;;453;11455;-402;0.95;0.96
WOOD7;;899;22984;+156;1.01;0.96
kaper;;536;14240;-168;0.98;0.96
w1;;465;12373;-256;0.97;0.96
spacca;;291;7469;+15;1.00;0.96
Drea3er;;418;10753;-374;0.95;0.96
SmithZz;;1174;30442;-586;0.97;0.96
nolkz;;246;6412;-193;0.96;0.96
maeVe;;487;12606;-131;0.98;0.96
BK1;;250;6399;-162;0.96;0.96
r4ul;;461;12163;-203;0.97;0.96
Tommy;;387;9900;-323;0.95;0.96
648;;228;5892;-113;0.97;0.96
phr;;1465;38943;-531;0.98;0.96
restikk;;446;11510;-319;0.96;0.96
starix;;640;16850;-311;0.97;0.96
bobeksde;;515;13599;-544;0.94;0.96
SHOOWTiME;;1178;30549;-827;0.96;0.96
Cjoffo;;446;11260;-148;0.98;0.96
w1nt3r;;666;17705;-238;0.98;0.96
Gringo;;209;5563;-246;0.94;0.96
byr9;;591;15867;-293;0.97;0.96
JazzPimp;;496;13025;-362;0.96;0.96
bodito;;543;14427;-491;0.95;0.96
barce;;264;6741;-224;0.95;0.96
xms;;710;18762;-627;0.95;0.96
crank;;226;6006;-103;0.97;0.96
Walco;;820;21208;-652;0.96;0.96
lukz;;243;6472;-317;0.93;0.96
maRky;;376;9835;-320;0.95;0.96
Rak;;203;5120;-144;0.96;0.96
Chr1zN;;422;10471;-229;0.97;0.96
Coffee;;355;9234;-291;0.95;0.96
Uber;;399;10057;-299;0.96;0.96
chopper;;1362;35722;-618;0.97;0.96
BAS;;265;6922;-213;0.96;0.96
LILMAN;;264;6925;-264;0.95;0.96
Kairi;;407;10374;-236;0.97;0.96
brett;;604;15376;-675;0.94;0.96
abE;;237;6084;-270;0.94;0.96
SELLTER;;640;16468;-252;0.98;0.96
keen;;236;6329;-264;0.94;0.96
glow;;395;10045;-99;0.98;0.96
MOLSI;;288;7648;-244;0.95;0.96
Wilky;;241;6085;-199;0.95;0.96
MoriiSko;;264;6904;-291;0.94;0.96
jason;;277;7129;-219;0.96;0.96
YOUYOU;;201;5139;-147;0.96;0.96
Jayzwalkingz;;330;8839;-167;0.97;0.96
krecker;;227;5882;-154;0.96;0.96
kyoto;;244;6398;-154;0.96;0.96
ravenlot;;214;5681;-19;0.99;0.96
SOON;;314;8179;-135;0.98;0.96
renatoohaxx;;339;8886;-520;0.92;0.96
acAp;;342;8996;-351;0.95;0.96
Kvik;;785;20509;-688;0.95;0.96
r1see;;259;6912;-122;0.97;0.96
tex;;217;5810;-277;0.93;0.96
VKLL;;252;6474;-195;0.96;0.96
malik;;235;6249;-176;0.96;0.96
horvy;;281;7066;-135;0.97;0.96
LOGAN;;590;15692;-300;0.97;0.96
MistR;;557;14248;-428;0.96;0.96
sickLy;;254;6371;-104;0.98;0.96
stanislaw;;1548;39782;-726;0.97;0.96
expro;;565;14745;-396;0.96;0.96
Neityu;;209;4923;-138;0.96;0.96
El Patron;;213;5748;-80;0.98;0.96
ponczek;;585;15685;-248;0.98;0.96
smF;;859;22474;-414;0.97;0.96
beg0d;;231;5996;-175;0.96;0.96
ProbLeM;;648;17533;-430;0.96;0.96
RZU;;531;13713;-601;0.94;0.96
OKOLICIOUZ;;242;6383;-192;0.96;0.96
0i;;493;12891;-447;0.95;0.95
nbl;;628;16169;-549;0.95;0.95
YJ;;515;13453;-82;0.99;0.95
oxygeN;;865;22601;-553;0.96;0.95
NEO;;2037;53165;-1558;0.96;0.95
HOLMES;;474;12379;-443;0.95;0.95
dezon;;555;14946;-248;0.97;0.95
Rampage;;232;6136;-223;0.95;0.95
SEMINTE;;737;19460;-601;0.95;0.95
denis;;1840;48974;-1863;0.95;0.95
impsta;;221;5801;-257;0.94;0.95
alexRr;;433;11346;-554;0.93;0.95
vigg0;;225;5937;-285;0.93;0.95
nosraC;;898;23142;-712;0.96;0.95
dumz;;455;12074;-320;0.96;0.95
Keoz;;1086;28557;-1196;0.94;0.95
Karus;;206;5399;-272;0.93;0.95
Levi;;373;9907;-461;0.93;0.95
PKL;;1385;35761;-884;0.96;0.95
sugaR;;402;10694;-296;0.96;0.95
Ag1l;;351;9018;-183;0.97;0.95
danoco;;511;13113;-664;0.93;0.95
rafftu;;565;15138;-452;0.96;0.95
fostar;;383;10288;-239;0.96;0.95
Demho;;507;13399;-287;0.97;0.95
Danejoris;;448;11388;-389;0.95;0.95
Grus;;637;17325;-864;0.93;0.95
friberg;;1979;51523;-1750;0.95;0.95
Nexius;;398;10129;-483;0.93;0.95
tahsiN;;619;16083;-696;0.94;0.95
tiziaN;;1968;51516;-1334;0.96;0.95
EIZA;;234;6268;-181;0.96;0.95
spamzzy;;389;9812;-475;0.93;0.95
Console;;708;18612;-582;0.95;0.95
Tauson;;520;13621;-433;0.95;0.95
CONNOR93;;449;11544;-457;0.94;0.95
soju_j;;554;14231;-410;0.96;0.95
xns;;441;11564;-336;0.96;0.95
Prism;;492;13065;-510;0.94;0.95
eku;;306;7735;-300;0.94;0.95
baby;;202;5401;-260;0.93;0.95
r0bs3n;;292;7517;-250;0.95;0.95
KrizzeN;;763;20020;-368;0.97;0.95
bnc;;390;9903;-412;0.94;0.95
dERZKIY;;419;10917;-406;0.95;0.95
WHitE;;221;5683;-215;0.95;0.95
dmm;;213;5414;-259;0.93;0.95
CSO;;339;8387;-363;0.94;0.95
devoduvek;;722;19153;-685;0.95;0.95
wannafly;;265;6875;-206;0.96;0.95
aimaNNN;;298;7819;-195;0.96;0.95
DarkS1DE;;237;6179;-291;0.93;0.95
kinqie;;693;18225;-776;0.94;0.95
VANITY;;203;5331;-223;0.94;0.95
seized;;1920;50018;-1483;0.96;0.95
Skurk;;242;6340;-175;0.96;0.95
Sync;;248;6354;-239;0.95;0.95
Insane;;302;7871;-331;0.94;0.95
TMB;;1267;33300;-1202;0.95;0.95
BRNZ1K;;238;6363;-196;0.95;0.95
H4RR3;;694;18646;-843;0.94;0.95
Toy;;322;8318;-307;0.95;0.95
fREQ;;367;9757;-264;0.96;0.95
niki1;;1351;35585;-1234;0.95;0.95
huynh;;258;6665;-250;0.95;0.95
disturbed;;250;6409;-291;0.94;0.95
Patti;;551;14108;-469;0.95;0.95
flashie;;594;15719;-518;0.95;0.95
The eLiVe;;973;25752;-711;0.96;0.95
Maze;;311;8165;-257;0.95;0.95
peqexino;;225;5843;-165;0.96;0.95
AcilioN;;1870;49297;-1652;0.95;0.95
AlekS;;338;9024;-374;0.94;0.95
kurg4n;;235;6179;-181;0.96;0.95
strux1;;403;10276;-246;0.96;0.95
mizzy;;307;7804;-316;0.94;0.95
zede;;262;6397;-248;0.94;0.95
lub;;293;7890;-386;0.93;0.95
ecfN;;426;11214;-471;0.94;0.95
LNZ;;602;15389;-384;0.96;0.95
FlipiN;;256;6542;-242;0.95;0.95
Bibu;;306;7963;-285;0.95;0.95
mizu;;280;7434;-374;0.93;0.95
HugoXD;;327;8776;-347;0.94;0.95
HENU;;374;9902;-382;0.94;0.95
Bobosaur;;338;8801;-291;0.95;0.95
MAJ3R;;1339;35000;-991;0.96;0.95
steel;;1567;40987;-1165;0.96;0.95
xajdish;;246;6481;-242;0.95;0.95
yourwombat;;237;5983;-243;0.94;0.95
Inzta;;754;19798;-849;0.94;0.94
Melio;;225;5701;-291;0.93;0.94
drop;;463;11735;-243;0.97;0.94
ZINKEN;;303;8105;-235;0.96;0.94
Aleksib;;1266;33319;-881;0.96;0.94
uNdo;;432;11267;-371;0.95;0.94
vSa;;385;10066;-322;0.95;0.94
Karsa;;461;11782;-319;0.96;0.94
P4TriCK;;346;9015;-488;0.92;0.94
kzy;;991;25840;-835;0.95;0.94
Snappi;;1825;48039;-1615;0.95;0.94
la3euka;;217;5741;-229;0.94;0.94
Fifflaren;;538;13220;-40;0.99;0.94
rox;;316;8268;-281;0.95;0.94
kade0;;414;11237;-433;0.94;0.94
SileNt;;624;16235;-788;0.93;0.94
yepz;;560;14196;-402;0.96;0.94
interz;;1016;26724;-111;0.99;0.94
stavros;;351;8961;-538;0.92;0.94
Twixie;;767;20821;-780;0.94;0.94
Shakezullah;;860;22392;-446;0.97;0.94
jemi;;339;9096;-317;0.95;0.94
7oX1C;;378;9936;-341;0.95;0.94
Leomonster;;551;14244;-853;0.92;0.94
Rock1nG;;923;24313;-1142;0.93;0.94
darko;;1045;28038;-1180;0.94;0.94
tonyblack;;826;21699;-725;0.95;0.94
nafany;;1197;31193;-1495;0.93;0.94
tr3vl;;217;5571;-267;0.93;0.94
caike;;575;15020;-586;0.94;0.94
SATURN;;240;6197;-248;0.94;0.94
arch;;593;15530;-658;0.94;0.94
maNkz;;1069;28393;-1214;0.94;0.94
boX;;1468;39337;-1632;0.94;0.94
Valencio;;568;14917;-675;0.93;0.94
LOMME;;623;16172;-532;0.95;0.94
holzt;;338;8867;-450;0.93;0.94
Ex6TenZ;;1393;36352;-1064;0.96;0.94
ub1que;;491;12691;-496;0.94;0.94
RIZZZ;;448;11726;-594;0.93;0.94
TaZ;;2387;62925;-2423;0.94;0.94
arvid;;966;25925;-1271;0.93;0.94
Sidney;;603;16222;-575;0.95;0.94
virtuoso;;273;6433;-264;0.94;0.94
Noisia;;608;15732;-665;0.94;0.94
sAvana1;;499;12931;-550;0.94;0.94
fel1x;;301;7551;-423;0.92;0.94
faydett;;335;8558;-386;0.93;0.94
ngiN;;1025;26895;-748;0.96;0.94
forget;;442;11512;-734;0.91;0.94
aris;;301;8007;-447;0.92;0.94
Sm1llee;;470;12353;-598;0.93;0.94
Duplicate;;990;26395;-1123;0.94;0.94
fear;;323;7875;-280;0.95;0.94
ex1st;;202;5004;-268;0.93;0.94
Marek;;498;13045;-567;0.94;0.94
stark;;314;8322;-421;0.93;0.94
Q-Q;;281;7427;-226;0.95;0.94
repo;;505;13254;-657;0.93;0.94
Necrogenes1s;;248;6843;-351;0.93;0.94
ztr;;781;20244;-882;0.94;0.94
Diray;;263;6997;-262;0.94;0.94
jz;;240;5843;-246;0.94;0.94
keshandr;;314;8221;-374;0.94;0.94
Zote;;204;5147;-205;0.94;0.93
beastik;;1226;32237;-1426;0.93;0.93
Alisson;;382;9973;-446;0.93;0.93
DANZ;;391;10173;-620;0.92;0.93
eLUSIVE;;245;6372;-260;0.94;0.93
dok;;423;11181;-652;0.92;0.93
baz;;239;5956;-128;0.97;0.93
hoax;;363;9217;-412;0.93;0.93
alexsomfan;;275;7376;-303;0.94;0.93
dav1dK;;207;5375;-340;0.91;0.93
CutzMeretz;;408;10534;-494;0.93;0.93
Andrew;;335;8794;-541;0.91;0.93
Gizmy;;231;5920;-299;0.93;0.93
short;;259;6923;-305;0.94;0.93
Polly;;461;11987;-611;0.93;0.93
James;;359;9287;-534;0.92;0.93
viridian;;238;5986;-215;0.95;0.93
hutji;;453;12010;-664;0.92;0.93
elemeNt;;265;6939;-374;0.92;0.93
crisby;;1210;31547;-1814;0.92;0.93
hns;;425;11018;-607;0.92;0.93
Uzzziii;;262;6749;-384;0.92;0.93
roz;;365;9758;-360;0.94;0.93
GMX;;239;6187;-370;0.92;0.93
BRACE;;642;16080;-745;0.93;0.93
Topa;;427;11035;-458;0.94;0.93
stan1ey;;239;6239;-440;0.90;0.93
TOAO;;1415;37508;-1708;0.93;0.93
foxz;;242;6187;-333;0.92;0.93
happ;;209;5188;-224;0.94;0.93
kiR;;812;21563;-1322;0.91;0.93
tutehen;;467;12023;-485;0.94;0.93
shellzi;;302;8107;-452;0.92;0.93
JT;;1336;34406;-1713;0.93;0.93
lenci;;247;6320;-295;0.93;0.93
T4gg3D;;308;8128;-379;0.93;0.93
neaLaN;;1212;32320;-1643;0.93;0.93
nonick;;306;7984;-449;0.92;0.93
dan1;;512;13564;-676;0.93;0.93
EXUS;;987;26248;-1438;0.92;0.93
meisoN;;336;8692;-596;0.91;0.93
Demonos;;409;10843;-605;0.92;0.93
a2z;;200;5171;-277;0.92;0.93
kadziu;;248;6427;-301;0.93;0.93
zanz;;291;7620;-442;0.92;0.93
RAiLWAY;;577;15627;-1059;0.91;0.93
sK;;348;8948;-648;0.90;0.93
Eeyore;;214;5531;-344;0.91;0.93
Kyojin;;269;7175;-315;0.93;0.93
matty;;617;16381;-836;0.93;0.93
shinobi;;328;8433;-512;0.91;0.93
TuGuX;;353;9169;-351;0.94;0.93
psycho;;290;7571;-474;0.91;0.92
MetaL;;247;6419;-391;0.91;0.92
dragunov;;221;5699;-243;0.94;0.92
effys;;258;6700;-365;0.92;0.92
Extinct;;362;9469;-885;0.88;0.92
Pizituh;;278;7267;-388;0.92;0.92
pachanga;;208;5459;-323;0.91;0.92
SkulL;;743;19137;-1360;0.90;0.92
zks;;260;6830;-363;0.92;0.92
aVN;;992;25864;-1209;0.93;0.92
hitMouse;;538;14028;-625;0.93;0.92
emi;;1313;34251;-1850;0.92;0.92
mistou;;314;8284;-440;0.92;0.92
leaf;;270;7359;-347;0.93;0.92
Xp3;;502;13113;-792;0.91;0.92
t0rick;;368;9630;-535;0.92;0.92
breAker;;274;7172;-323;0.93;0.92
pNshr;;600;15671;-812;0.92;0.92
drg;;703;17886;-1057;0.91;0.92
cype;;202;5290;-313;0.91;0.92
arki;;889;23396;-1274;0.92;0.92
TACO;;1491;38834;-1626;0.94;0.92
quix;;1015;26718;-2136;0.89;0.92
stYleEeZ;;434;11677;-526;0.93;0.92
APE;;228;5889;-317;0.92;0.92
SANJI;;741;19869;-999;0.92;0.92
matHEND;;333;8606;-629;0.90;0.92
dobbo;;520;13982;-620;0.93;0.92
Aqua;;210;5545;-302;0.92;0.92
Zeus;;1405;37152;-1990;0.92;0.92
witmer;;345;8965;-563;0.91;0.92
Bart4k;;278;7339;-365;0.93;0.92
MSL;;1777;46431;-3455;0.90;0.92
Luz;;660;17302;-994;0.92;0.92
decent;;215;5612;-294;0.92;0.92
arya;;440;11291;-868;0.89;0.92
retchy;;222;5850;-486;0.89;0.92
sorrow;;470;12741;-891;0.90;0.92
asmo;;265;6696;-525;0.89;0.92
nak;;519;13439;-700;0.92;0.92
shEMETA;;213;5441;-338;0.91;0.92
consss;;230;5993;-429;0.90;0.92
S0tF1k;;1422;37475;-2357;0.91;0.92
AERO;;287;7420;-547;0.90;0.91
lamp;;202;5200;-400;0.89;0.91
pietola;;383;10178;-592;0.91;0.91
svyat;;734;19717;-1060;0.92;0.91
Dav;;468;12095;-822;0.90;0.91
akez;;572;15395;-1114;0.90;0.91
zmb;;472;12282;-843;0.90;0.91
sad;;263;6964;-440;0.91;0.91
Graviti;;281;7415;-565;0.89;0.91
LEARSI;;293;7622;-473;0.91;0.91
B1NGO;;372;9850;-570;0.92;0.91
tecek;;376;9987;-838;0.88;0.91
hasteka;;293;7701;-660;0.88;0.91
ncl;;553;14190;-770;0.92;0.91
Patrick;;724;19397;-1376;0.90;0.91
XpG;;243;6264;-494;0.89;0.91
Ro1f;;563;14824;-936;0.91;0.91
LEGIJA;;869;22614;-1671;0.90;0.91
roman;;414;10880;-664;0.91;0.91
Shara;;383;9929;-742;0.90;0.91
MusambaN1;;300;7802;-493;0.91;0.91
wayLander;;794;20857;-1715;0.89;0.91
Tadpole;;278;7389;-484;0.90;0.91
amster;;589;15628;-903;0.91;0.91
1NVISIBLEE;;215;5286;-497;0.88;0.91
mynio;;1130;30177;-2275;0.89;0.91
xartE;;1178;30948;-1800;0.91;0.91
gRuChA;;382;10080;-847;0.88;0.91
micro;;258;6635;-595;0.88;0.91
Jelo;;314;8081;-565;0.90;0.91
n0tice;;415;11014;-861;0.89;0.91
BONA;;476;12674;-943;0.89;0.91
dox;;273;7393;-527;0.90;0.91
ruyter;;223;6029;-535;0.88;0.91
sAw;;1267;33681;-2108;0.91;0.90
redhide;;221;5720;-438;0.89;0.90
tsack;;202;5246;-345;0.90;0.90
coolio;;471;12541;-737;0.91;0.90
hades;;289;7362;-633;0.88;0.90
willyKS;;238;6139;-503;0.89;0.90
Polox;;230;5880;-520;0.88;0.90
callum_murray;;269;6757;-587;0.88;0.90
kRYSTAL;;1888;49380;-3495;0.90;0.90
Kirby;;358;9126;-803;0.88;0.90
msN;;250;6121;-414;0.90;0.90
aune;;221;5856;-411;0.89;0.90
naSu;;220;5862;-388;0.90;0.90
karrigan;;2315;60398;-4706;0.89;0.90
jasonR;;291;7583;-581;0.89;0.90
crush;;732;19295;-1476;0.89;0.90
1eeR;;278;7346;-470;0.90;0.90
TEKO;;229;5979;-497;0.88;0.90
RICIOLI;;635;16458;-1153;0.90;0.90
sycrone;;553;14608;-978;0.90;0.90
balblna;;614;16094;-1251;0.89;0.90
nkl;;642;16554;-1046;0.91;0.90
It's my;;301;7854;-760;0.87;0.90
ArroW;;271;6741;-462;0.90;0.90
buda;;312;7905;-586;0.89;0.90
hooch;;897;23538;-1828;0.89;0.90
Golden;;996;25988;-2248;0.88;0.90
fix;;344;9038;-820;0.87;0.90
Fuks;;276;7246;-549;0.89;0.90
SENER1;;733;19088;-1398;0.89;0.90
sarenii;;382;10131;-886;0.88;0.90
intra;;203;5128;-515;0.86;0.90
grape;;407;10305;-891;0.88;0.90
lealziNho;;224;6012;-503;0.88;0.90
fokiu;;250;6091;-610;0.86;0.90
leckr;;356;9384;-788;0.88;0.90
xevR;;250;6567;-575;0.88;0.89
FNS;;953;25080;-1794;0.89;0.89
ben1337;;1194;30774;-2373;0.89;0.89
ino;;249;6530;-637;0.87;0.89
spiker;;415;10974;-974;0.88;0.89
phx;;249;6659;-486;0.89;0.89
Drew;;232;6092;-554;0.87;0.89
Loord;;374;9545;-651;0.90;0.89
SHiNE;;559;14727;-1114;0.89;0.89
Elk;;212;5361;-557;0.86;0.89
ADK;;437;11332;-825;0.89;0.89
els;;295;7589;-716;0.87;0.89
Psycho;;516;13757;-1081;0.89;0.89
ninjaZ;;387;9896;-849;0.87;0.89
JiNKZ;;542;14411;-1193;0.88;0.89
choiv7;;286;7431;-574;0.89;0.89
MAiNLiNE;;437;11092;-1064;0.87;0.89
SYSTEM;;269;7209;-652;0.87;0.89
AAustiN;;276;7265;-609;0.88;0.89
pronax;;1199;31403;-2267;0.89;0.89
Adam9130;;692;18654;-1742;0.87;0.89
sibe;;253;6530;-651;0.86;0.89
Polen;;435;11470;-978;0.88;0.89
enzero;;224;5835;-480;0.88;0.89
Makzwell;;207;5410;-427;0.88;0.89
wasiNk;;247;6672;-578;0.88;0.89
FIOURN;;242;6258;-596;0.87;0.89
sense;;334;8171;-719;0.87;0.89
sNx;;272;7017;-579;0.88;0.89
MiGHTYMAX;;1593;41905;-3154;0.88;0.89
K1-FiDa;;604;15741;-1214;0.88;0.89
BTN;;1528;40177;-3755;0.87;0.89
gulito;;265;7022;-640;0.87;0.89
ryk;;288;7297;-569;0.89;0.89
Ping;;232;5990;-563;0.87;0.89
Yvonne;;249;6409;-638;0.87;0.89
luko;;307;8270;-759;0.87;0.89
sonic;;210;5458;-468;0.88;0.89
GEOHYPE;;202;5239;-513;0.86;0.89
Hkta;;233;6262;-535;0.88;0.88
IceBerg;;918;23528;-2682;0.85;0.88
SBT;;214;5749;-579;0.86;0.88
eDi;;290;7721;-720;0.87;0.88
frostezoR;;261;6856;-586;0.88;0.88
FreeZe;;573;14551;-1429;0.86;0.88
LeX;;463;11937;-1263;0.85;0.88
JoshRT;;290;7432;-804;0.85;0.88
torben;;532;13939;-1196;0.87;0.88
Lightstep;;272;6882;-574;0.88;0.88
Lambert;;803;21208;-1687;0.88;0.88
JD;;374;9620;-1105;0.85;0.88
lunAtic;;1360;36103;-3237;0.87;0.88
seang@res;;713;18391;-1629;0.87;0.88
daps;;1137;29448;-2452;0.87;0.88
Prodigy;;212;5416;-653;0.84;0.88
snapy;;309;8039;-981;0.84;0.87
ScrunK;;1163;31060;-3360;0.85;0.87
dav1g;;540;13968;-1314;0.86;0.87
flowsicK;;395;10074;-1047;0.86;0.87
scar;;257;6483;-810;0.84;0.87
zlynx;;286;7518;-898;0.84;0.87
Dezibel;;361;9269;-857;0.86;0.87
shutout;;254;6338;-693;0.85;0.87
aNdz;;224;5863;-656;0.84;0.87
juricM;;201;5068;-625;0.83;0.87
darchevile;;406;10887;-1124;0.85;0.87
nawrot;;623;16635;-1869;0.84;0.87
BERRY;;826;21660;-2564;0.84;0.87
FeTiSh;;239;6057;-580;0.86;0.86
FrostayK;;308;7957;-770;0.86;0.86
Rita;;204;5145;-585;0.84;0.86
birdfromsky;;1161;31439;-3276;0.85;0.86
def;;605;15797;-1593;0.85;0.86
maaRaa;;201;5208;-592;0.84;0.86
Noxio;;224;5819;-636;0.85;0.86
DDias;;331;8670;-1208;0.82;0.86
TOBIZ;;251;6800;-719;0.84;0.86
PREDI;;340;8758;-1135;0.83;0.86
djL;;688;18180;-1735;0.86;0.86
waneG;;240;6204;-651;0.85;0.86
alecks;;239;6228;-693;0.84;0.86
advent;;1335;33953;-3130;0.86;0.86
gejmzilla;;226;5967;-771;0.82;0.86
Devilwalk;;414;10853;-1160;0.84;0.85
shev;;234;5835;-748;0.82;0.85
blaq;;247;6499;-831;0.82;0.85
Airax;;445;11681;-1590;0.82;0.85
BLOODZ;;315;8283;-849;0.85;0.85
HooXi;;1049;27450;-3219;0.83;0.85
tamir;;360;9335;-1364;0.81;0.85
gob b;;980;25846;-2839;0.84;0.85
Slemmy;;445;11663;-1313;0.83;0.85
zEVES;;311;8228;-1000;0.83;0.85
bichop;;259;6667;-764;0.84;0.85
berg;;230;6076;-704;0.83;0.85
stormzyn;;236;5716;-703;0.82;0.85
peku;;273;7324;-985;0.82;0.85
LONSDALE;;368;9415;-1203;0.82;0.85
Twista;;391;10297;-1267;0.83;0.84
Xtinct;;264;6719;-862;0.82;0.84
SolEk;;377;9498;-1285;0.81;0.84
Chub;;274;7006;-1064;0.80;0.84
Kevve;;236;6399;-828;0.81;0.83
PASHANOJ;;621;16250;-2376;0.80;0.83
mCe;;249;6467;-954;0.79;0.83
bobz;;451;11974;-1597;0.81;0.83
S1rva;;335;8822;-1276;0.80;0.83
shinobi;;352;9234;-1394;0.79;0.83
GYZER;;255;6549;-901;0.80;0.83
B1ad3;;906;23376;-3476;0.80;0.82
simix;;429;11440;-1569;0.80;0.82
netrick;;455;11976;-1736;0.80;0.82
haste;;341;8835;-1310;0.79;0.82
Grashog;;251;6581;-961;0.79;0.81
insane;;234;6111;-961;0.78;0.81
HUNDEN;;1578;41153;-6238;0.78;0.81
RuFire;;398;10563;-1980;0.75;0.78
DuDe;;303;8063;-1464;0.74;0.78
OCEAN;;410;10602;-1962;0.74;0.77
valens;;251;6594;-1459;0.69;0.74
